time,name,price,change_24h,change_7d,market_cap
2025-09-08T09:46:32.790768,bitcoin,95398.0,0.69632,2.1465436686066486,1899756731326.0
2025-09-08T09:46:32.790768,ethereum,3677.36,0.32809,-3.595483722116201,443881582064.0
2025-09-08T09:46:32.790768,ripple,2.49,3.06517,3.650146161444424,148414486153.0
2025-09-08T09:46:32.790768,solana,178.79,3.1901,3.337178981173824,96866152203.0
2025-09-08T09:46:32.790768,dogecoin,0.199218,7.47144,6.840985733221852,30063273819.0
2025-09-08T09:46:32.790768,cardano,0.722411,2.41047,0.8835275097356851,26350352535.0
2025-09-08T09:46:32.790768,litecoin,96.64,-0.50023,2.148033229761011,7369924885.0
2025-09-08T09:46:32.790768,polkadot,3.44,4.63366,6.053127574747354,5234096772.0
2025-09-08T09:50:32.156427,bitcoin,95432.0,0.75896,2.1825868431032776,1900618919399.0
2025-09-08T09:50:32.156427,ethereum,3679.42,0.34127,-3.541465629438896,444079719215.0
2025-09-08T09:50:32.156427,ripple,2.49,3.15343,3.774906565061863,148471893657.0
2025-09-08T09:50:32.156427,solana,178.96,3.28932,3.4327404702262685,96963414216.0
2025-09-08T09:50:32.156427,dogecoin,0.199408,7.57392,6.942860883380386,30044854033.0
2025-09-08T09:50:32.156427,cardano,0.722619,2.38102,0.9126185980469006,26371320723.0
2025-09-08T09:50:32.156427,litecoin,96.67,-0.48253,2.17715108596758,7371835646.0
2025-09-08T09:50:32.156427,polkadot,3.44,4.60889,6.028027590509578,5234292071.0
2025-09-08T10:27:50.682502,bitcoin,95638.0,0.88298,2.403346655018701,1902884561654.0
2025-09-08T10:27:50.682502,ethereum,3695.24,0.69144,-3.1267371558539896,445718639266.0
2025-09-08T10:27:50.682502,ripple,2.52,4.32464,4.9470993053548336,149974928488.0
2025-09-08T10:27:50.682502,solana,182.21,5.16035,5.957441547500778,98722990389.0
2025-09-08T10:27:50.682502,dogecoin,0.199646,7.58506,7.070646870602743,30084026891.0
2025-09-08T10:27:50.682502,cardano,0.730076,3.40862,2.507811122432951,26621560011.0
2025-09-08T10:27:50.682502,litecoin,96.88,-0.25424,2.87067811692445,7389835849.0
2025-09-08T10:27:50.682502,polkadot,3.45,4.918,5.432029585697064,5257197153.0
2025-09-08T11:20:30.416827,bitcoin,95385.0,0.46195,2.100770144296146,1898945571226.0
2025-09-08T11:20:30.416827,ethereum,3683.15,0.2194,-2.9808437560570256,444313269638.0
2025-09-08T11:20:30.416827,ripple,2.5,3.65742,4.429308806343707,149319445429.0
2025-09-08T11:20:30.416827,solana,182.12,4.97686,5.906167343326468,98717259145.0
2025-09-08T11:20:30.416827,dogecoin,0.198791,6.80209,6.850031713344283,29980928959.0
2025-09-08T11:20:30.416827,cardano,0.724899,2.44454,1.7809270602548055,26503791006.0
2025-09-08T11:20:30.416827,litecoin,96.56,-0.90913,3.1718542820012297,7361455894.0
2025-09-08T11:20:30.416827,polkadot,3.42,3.94559,4.4512400656940745,5207660713.0
2025-09-08T12:54:27.879679,bitcoin,95502.0,0.70784,3.2044159392010574,1902795461690.0
2025-09-08T12:54:27.879679,ethereum,3681.91,0.34191,-1.9447790518593413,444525840988.0
2025-09-08T12:54:27.879679,ripple,2.53,4.69865,6.6679057662752745,151013837056.0
2025-09-08T12:54:27.879679,solana,182.91,5.22045,7.736572250504908,99118806809.0
2025-09-08T12:54:27.879679,dogecoin,0.200335,7.41114,8.628134410393065,30229133244.0
2025-09-08T12:54:27.879679,cardano,0.730887,3.21422,4.0685302817956295,26689982758.0
2025-09-08T12:54:27.879679,litecoin,96.56,-1.33101,3.284348454374918,7366851794.0
2025-09-08T12:54:27.879679,polkadot,3.43,1.90936,6.150100367433567,5215342571.0
2025-09-08T13:07:44.848883,bitcoin,95626.0,0.82749,2.9960206964322134,1900990805413.0
2025-09-08T13:07:44.848883,ethereum,3699.27,0.84769,-1.6231487587574729,444238778231.0
2025-09-08T13:07:44.848883,ripple,2.53,4.64213,7.032024966509629,150626905226.0
2025-09-08T13:07:44.848883,solana,183.0,5.28132,7.62239859563721,99066293179.0
2025-09-08T13:07:44.848883,dogecoin,0.201085,7.80616,8.966758946661638,30186845211.0
2025-09-08T13:07:44.848883,cardano,0.730923,3.36122,4.459458470270839,26628694413.0
2025-09-08T13:07:44.848883,litecoin,96.47,-1.59543,3.1808407666691787,7352287021.0
2025-09-08T13:07:44.848883,polkadot,3.43,0.81833,6.610958283923458,5220853691.0
2025-09-08T13:09:21.410047,bitcoin,95645.0,0.84735,3.0163070315042564,1904680743682.0
2025-09-08T13:09:21.410047,ethereum,3701.12,0.89811,-1.5739667241985125,446523071122.0
2025-09-08T13:09:21.410047,ripple,2.53,4.68778,7.078724265034763,150957439910.0
2025-09-08T13:09:21.410047,solana,183.22,5.40965,7.753575490049286,99066293179.0
2025-09-08T13:09:21.410047,dogecoin,0.20151,8.03406,9.197116659647858,30330070752.0
2025-09-08T13:09:21.410047,cardano,0.73116,3.39478,4.493380010305247,26690762822.0
2025-09-08T13:09:21.410047,litecoin,96.52,-1.53876,3.2402531596201443,7358573667.0
2025-09-08T13:09:21.410047,polkadot,3.43,0.86044,6.655497577887775,5220853691.0
2025-09-08T13:11:40.367641,bitcoin,95558.0,0.76378,2.922099048908789,1904680743682.0
2025-09-08T13:11:40.367641,ethereum,3696.15,0.76259,-1.706162981095365,446523071122.0
2025-09-08T13:11:40.367641,ripple,2.53,4.62213,7.011571403320974,150957439910.0
2025-09-08T13:11:40.367641,solana,183.29,5.4476,7.792373781078801,99307763860.0
2025-09-08T13:11:40.367641,dogecoin,0.201996,8.30217,9.460194145145309,30330070752.0
2025-09-08T13:11:40.367641,cardano,0.730758,3.33791,4.43590630628022,26690762822.0
2025-09-08T13:11:40.367641,litecoin,96.54,-1.45104,3.2569038954952814,7358573667.0
2025-09-08T13:11:40.367641,polkadot,3.43,0.86979,6.6653753055081575,5227933484.0
2025-09-08T13:11:53.980068,bitcoin,95558.0,0.76378,2.922099048908789,1904680743682.0
2025-09-08T13:11:53.980068,ethereum,3696.15,0.76259,-1.706162981095365,446523071122.0
2025-09-08T13:11:53.980068,ripple,2.53,4.62213,7.011571403320974,150957439910.0
2025-09-08T13:11:53.980068,solana,183.29,5.4476,7.792373781078801,99307763860.0
2025-09-08T13:11:53.980068,dogecoin,0.201996,8.30217,9.460194145145309,30330070752.0
2025-09-08T13:11:53.980068,cardano,0.730758,3.33791,4.43590630628022,26690762822.0
2025-09-08T13:11:53.980068,litecoin,96.54,-1.45104,3.2569038954952814,7358573667.0
2025-09-08T13:11:53.980068,polkadot,3.43,0.86979,6.6653753055081575,5227933484.0
2025-09-08T13:23:32.765697,bitcoin,95543.0,0.78892,2.905910769243788,1902871284740.0
2025-09-08T13:23:32.765697,ethereum,3696.96,0.91059,-1.6846205633654416,446121700182.0
2025-09-08T13:23:32.765697,ripple,2.54,4.84478,7.181632378971768,151130881905.0
2025-09-08T13:23:32.765697,solana,183.28,5.68147,7.785615531347983,99483801766.0
2025-09-08T13:23:32.765697,dogecoin,0.203443,8.92013,10.24435779998596,30690507984.0
2025-09-08T13:23:32.765697,cardano,0.73249,3.57755,4.683434434256935,26737115597.0
2025-09-08T13:23:32.765697,litecoin,96.66,-1.22442,3.38880097491639,7372118531.0
2025-09-08T13:23:32.765697,polkadot,3.44,0.71288,6.8942682047584265,5238992154.0
2025-09-08T13:29:16.003863,bitcoin,95534.0,0.75127,2.89672516300062,1902734501639.0
2025-09-08T13:29:16.003863,ethereum,3696.02,0.76014,-1.709493490700375,446193766018.0
2025-09-08T13:29:16.003863,ripple,2.54,4.96297,7.334331159734912,151324394070.0
2025-09-08T13:29:16.003863,solana,182.99,5.49984,7.619269931260873,99241175819.0
2025-09-08T13:29:16.003863,dogecoin,0.203108,8.65239,10.062620190549152,30624869705.0
2025-09-08T13:29:16.003863,cardano,0.73262,3.65767,4.701912135829775,26745958084.0
2025-09-08T13:29:16.003863,litecoin,96.69,-0.97007,3.419387353295623,7376027001.0
2025-09-08T13:29:16.003863,polkadot,3.44,1.01051,6.804510671907095,5237133984.0
2025-09-08T13:30:19.355998,bitcoin,95517.0,0.73352,2.8786019243266807,1902734501639.0
2025-09-08T13:30:19.355998,ethereum,3694.8,0.72688,-1.7419394747264103,446193766018.0
2025-09-08T13:30:19.355998,ripple,2.54,4.96875,7.340244730591038,151324394070.0
2025-09-08T13:30:19.355998,solana,182.94,5.46988,7.588704358220093,99241175819.0
2025-09-08T13:30:19.355998,dogecoin,0.202854,8.51689,9.925365136443496,30624869705.0
2025-09-08T13:30:19.355998,cardano,0.732503,3.64112,4.685188279907993,26745958084.0
2025-09-08T13:30:19.355998,litecoin,96.69,-0.97254,3.416809859908337,7376027001.0
2025-09-08T13:30:19.355998,polkadot,3.44,1.00166,6.79514925859077,5237133984.0
2025-09-08T13:31:30.051890,bitcoin,95516.0,0.64115,2.877571891536308,1902734501639.0
2025-09-08T13:31:30.051890,ethereum,3696.03,0.55333,-1.7094469025437056,446193766018.0
2025-09-08T13:31:30.051890,ripple,2.54,4.92809,7.298666315529827,151324394070.0
2025-09-08T13:31:30.051890,solana,182.91,5.44997,7.568394677411942,99241175819.0
2025-09-08T13:31:30.051890,dogecoin,0.202756,8.41516,9.8720594526781,30624869705.0
2025-09-08T13:31:30.051890,cardano,0.731661,3.27995,4.564932028742776,26745958084.0
2025-09-08T13:31:30.051890,litecoin,96.67,-0.99134,3.397179456509627,7376027001.0
2025-09-08T13:31:30.051890,polkadot,3.44,0.98927,6.78204779881169,5237133984.0
2025-09-08T13:19:21.508550,bitcoin,95528.0,0.77675,2.8900659579789107,1902999658739.0
2025-09-08T13:19:21.508550,ethereum,3700.25,0.9606,-1.597243234332003,447021866698.0
2025-09-08T13:19:21.508550,ripple,2.53,4.78569,7.14697443437807,151153370183.0
2025-09-08T13:19:21.508550,solana,183.6,5.69883,7.972979762344272,99507564675.0
2025-09-08T13:19:21.508550,dogecoin,0.203628,9.14096,10.344658247927937,30659771249.0
2025-09-08T13:19:21.508550,cardano,0.732373,3.56091,4.666620470395959,26737115597.0
2025-09-08T13:19:21.508550,litecoin,96.61,-1.28123,3.32933553000219,7368060239.0
2025-09-08T13:19:21.508550,polkadot,3.44,0.58402,6.901203242368717,5237830254.0
2025-09-08T13:34:30.685439,bitcoin,95487.0,0.61045,2.8461900926858217,1902532560588.0
2025-09-08T13:34:30.685439,ethereum,3691.85,0.4396,-1.8206247186828943,446409324643.0
2025-09-08T13:34:30.685439,ripple,2.54,4.91613,7.402608988694941,151401549820.0
2025-09-08T13:34:30.685439,solana,182.91,5.4518,7.570260963936301,99120015901.0
2025-09-08T13:34:30.685439,dogecoin,0.202851,8.46572,9.9233035838804,30581072902.0
2025-09-08T13:34:30.685439,cardano,0.732101,3.34209,4.627848919315978,26727578648.0
2025-09-08T13:34:30.685439,litecoin,96.69,-0.97431,3.4149651113701003,7374498624.0
2025-09-08T13:34:30.685439,polkadot,3.44,0.9448,6.7350231235293805,5233556502.0
2025-09-08T13:34:37.494197,bitcoin,95487.0,0.61045,2.8461900926858217,1902532560588.0
2025-09-08T13:34:37.494197,ethereum,3691.85,0.4396,-1.8206247186828943,446409324643.0
2025-09-08T13:34:37.494197,ripple,2.54,4.91613,7.402608988694941,151401549820.0
2025-09-08T13:34:37.494197,solana,182.91,5.4518,7.570260963936301,99120015901.0
2025-09-08T13:34:37.494197,dogecoin,0.202851,8.46572,9.9233035838804,30581072902.0
2025-09-08T13:34:37.494197,cardano,0.732101,3.34209,4.627848919315978,26727578648.0
2025-09-08T13:34:37.494197,litecoin,96.69,-0.97431,3.4149651113701003,7374498624.0
2025-09-08T13:34:37.494197,polkadot,3.44,0.9448,6.7350231235293805,5233556502.0
2025-09-08T13:58:28.489624,bitcoin,95287.0,0.39649,2.6308081239379644,1897969954901.0
2025-09-08T13:58:28.489624,ethereum,3680.74,0.18986,-2.1159833715127907,444293577312.0
2025-09-08T13:58:28.489624,ripple,2.54,4.68062,7.335644056864517,151391768708.0
2025-09-08T13:58:28.489624,solana,181.83,4.8021,6.934054732527666,98574664976.0
2025-09-08T13:58:28.489624,dogecoin,0.201691,7.94717,9.294857226980962,30417226141.0
2025-09-08T13:58:28.489624,cardano,0.728868,3.0226,4.165806458379439,26658202819.0
2025-09-08T13:58:28.489624,litecoin,96.26,-2.06326,2.961377420172504,7343726437.0
2025-09-08T13:58:28.489624,polkadot,3.42,-1.34445,6.273923781148924,5210634502.0
2025-09-08T14:02:35.034347,bitcoin,95248.0,0.32776,2.285980177726961,1897969954901.0
2025-09-08T14:02:35.034347,ethereum,3674.42,0.01773,-1.909365469980474,444293577312.0
2025-09-08T14:02:35.034347,ripple,2.54,4.21284,7.167836378350574,151391768708.0
2025-09-08T14:02:35.034347,solana,181.53,4.5899,6.512122657273725,98397885667.0
2025-09-08T14:02:35.034347,dogecoin,0.201338,7.62564,9.87913989992006,30417226141.0
2025-09-08T14:02:35.034347,cardano,0.728105,2.85467,4.71492930689092,26607223306.0
2025-09-08T14:02:35.034347,litecoin,96.14,-2.19758,2.367497751345632,7343726437.0
2025-09-08T14:02:35.034347,polkadot,3.42,-1.63327,6.634207613784662,5200253911.0
2025-09-08T14:06:55.906825,bitcoin,95372.0,0.4578,2.418553924992772,1897283513736.0
2025-09-08T14:06:55.906825,ethereum,3682.74,0.21193,-1.6871955953084132,443681496017.0
2025-09-08T14:06:55.906825,ripple,2.54,4.44519,7.83016869883359,151099967791.0
2025-09-08T14:06:55.906825,solana,181.8,4.71163,6.674442034313062,98397885667.0
2025-09-08T14:06:55.906825,dogecoin,0.201861,7.90532,10.164673098905368,30361659408.0
2025-09-08T14:06:55.906825,cardano,0.730288,3.02444,5.028830186002399,26591930676.0
2025-09-08T14:06:55.906825,litecoin,96.23,-2.09897,2.470706726513871,7332767335.0
2025-09-08T14:06:55.906825,polkadot,3.42,-1.20866,6.801428756564776,5200253911.0
2025-09-08T14:26:54.571494,bitcoin,95525.0,0.70023,2.582951025253898,1901176874861.0
2025-09-08T14:26:54.571494,ethereum,3689.59,0.5105,-1.5042338859868176,444949356753.0
2025-09-08T14:26:54.571494,ripple,2.54,3.05938,7.868519740840586,151460631883.0
2025-09-08T14:26:54.571494,solana,182.26,4.84918,6.940998393319014,98738030436.0
2025-09-08T14:26:54.571494,dogecoin,0.20288,7.23847,10.720864953029247,30541109580.0
2025-09-08T14:26:54.571494,cardano,0.7328,3.17582,5.3901211631648325,26740251388.0
2025-09-08T14:26:54.571494,litecoin,96.41,-1.58037,2.6605135947033856,7352929766.0
2025-09-08T14:26:54.571494,polkadot,3.43,-0.13986,7.161117872180095,5224342817.0
2025-09-08T15:27:04.374266,bitcoin,96002.0,1.05862,3.09534256769566,1912396825433.0
2025-09-08T15:27:04.374266,ethereum,3725.07,1.43613,-0.5571994623584731,449670404026.0
2025-09-08T15:27:04.374266,ripple,2.54,3.1601,7.686912103358669,151081793686.0
2025-09-08T15:27:04.374266,solana,183.77,5.63912,7.827429817416366,99590743208.0
2025-09-08T15:27:04.374266,dogecoin,0.202792,6.04402,10.672711058505875,30514169131.0
2025-09-08T15:27:04.374266,cardano,0.73802,3.58618,6.1409122267862735,26850410536.0
2025-09-08T15:27:04.374266,litecoin,96.77,-1.13655,3.0113539975229324,7373744583.0
2025-09-08T15:27:04.374266,polkadot,3.46,1.33911,7.915663541763471,5249919693.0
2025-09-08T16:31:10.279561,bitcoin,95910.0,1.04874,3.169129365002004,1909144507875.0
2025-09-08T16:31:10.279561,ethereum,3717.1,1.52327,-0.2760987225664635,448509928597.0
2025-09-08T16:31:10.279561,ripple,2.54,3.0975,7.506634394782348,151227346558.0
2025-09-08T16:31:10.279561,solana,183.17,5.02092,8.16771478732145,99122559080.0
2025-09-08T16:31:10.279561,dogecoin,0.203391,6.98053,10.644735806858714,30639645407.0
2025-09-08T16:31:10.279561,cardano,0.737117,3.87546,6.098457606977508,26877980089.0
2025-09-08T16:31:10.279561,litecoin,96.54,-1.09889,2.8243953359873246,7356255262.0
2025-09-08T16:31:10.279561,polkadot,3.46,1.85532,8.638948233311803,5271058492.0
2025-09-08T17:22:15.964068,bitcoin,95779.0,1.11316,3.0278744620906366,1907086000774.0
2025-09-08T17:22:15.964068,ethereum,3693.62,1.19896,-0.9059626075584052,445771826801.0
2025-09-08T17:22:15.964068,ripple,2.53,2.93637,7.267369838650928,150717072777.0
2025-09-08T17:22:15.964068,solana,183.39,6.16757,8.240125063531737,99168916170.0
2025-09-08T17:22:15.964068,dogecoin,0.202691,6.90264,11.216668739201625,30502992181.0
2025-09-08T17:22:15.964068,cardano,0.735923,3.94613,6.639361458287318,26840384446.0
2025-09-08T17:22:15.964068,litecoin,96.13,-1.77414,3.228047539012107,7322631462.0
2025-09-08T17:22:15.964068,polkadot,3.45,1.9131,8.523465717375931,5249151071.0
2025-09-08T18:35:44.922952,bitcoin,95605.0,0.9911,2.857153541623648,1904386683980.0
2025-09-08T18:35:44.922952,ethereum,3683.65,1.02402,-0.3074570938356384,444437579102.0
2025-09-08T18:35:44.922952,ripple,2.53,3.75711,8.629817426166488,150861120251.0
2025-09-08T18:35:44.922952,solana,183.48,6.56151,8.292645718608965,99469151134.0
2025-09-08T18:35:44.922952,dogecoin,0.203265,7.68815,12.779162039742005,30628978076.0
2025-09-08T18:35:44.922952,cardano,0.735666,4.43546,7.273943630516011,26848825043.0
2025-09-08T18:35:44.922952,litecoin,96.06,-1.5172,3.5900278479283667,7321711128.0
2025-09-08T18:35:44.922952,polkadot,3.44,1.31213,8.41408806635121,5229661458.0
2025-09-08T19:19:56.185596,bitcoin,95384.0,0.44862,2.258062300280384,1900306353350.0
2025-09-08T19:19:56.185596,ethereum,3666.76,0.24104,-1.1786828919782426,442595914899.0
2025-09-08T19:19:56.185596,ripple,2.53,3.47519,7.4833647516055635,150875290360.0
2025-09-08T19:19:56.185596,solana,183.88,6.43424,8.054315022875757,99602035265.0
2025-09-08T19:19:56.185596,dogecoin,0.20233,6.61707,11.330722877039566,30534225579.0
2025-09-08T19:19:56.185596,cardano,0.735111,4.16268,6.312090238465629,26895618644.0
2025-09-08T19:19:56.185596,litecoin,95.87,-1.68095,3.1662560497437195,7313458877.0
2025-09-08T19:19:56.185596,polkadot,3.44,1.15673,8.423908210283921,5228994115.0
2025-09-08T20:27:44.986874,bitcoin,95254.0,0.37173,2.118621066508526,1896853495752.0
2025-09-08T20:27:44.986874,ethereum,3644.7,-0.31609,-1.7732090436030794,439702450379.0
2025-09-08T20:27:44.986874,ripple,2.53,3.17153,7.30190567776318,150663585282.0
2025-09-08T20:27:44.986874,solana,182.61,5.51792,7.311257036901376,99187722405.0
2025-09-08T20:27:44.986874,dogecoin,0.202374,6.65432,11.637589407631028,30532938283.0
2025-09-08T20:27:44.986874,cardano,0.731557,3.41309,5.6131415827231965,26703384732.0
2025-09-08T20:27:44.986874,litecoin,95.41,-2.17262,2.670564739995273,7276001216.0
2025-09-08T20:27:44.986874,polkadot,3.41,0.40983,7.107652032401414,5206153008.0
2025-09-08T21:22:22.356920,bitcoin,95264.0,0.37124,2.562040443355216,1898063639987.0
2025-09-08T21:22:22.356920,ethereum,3658.13,-0.09372,-0.073345416437909,441636990603.0
2025-09-08T21:22:22.356920,ripple,2.53,2.98156,7.184504838928143,150215858499.0
2025-09-08T21:22:22.356920,solana,182.74,4.67882,8.350239534446485,98952892410.0
2025-09-08T21:22:22.356920,dogecoin,0.205449,7.41801,15.181167192902748,30889694111.0
2025-09-08T21:22:22.356920,cardano,0.732866,3.46471,5.802207394932528,26732943050.0
2025-09-08T21:22:22.356920,litecoin,95.41,-2.21402,2.2488292340593627,7273427937.0
2025-09-08T21:22:22.356920,polkadot,3.43,0.79992,7.481536273157978,5211326762.0
2025-09-08T22:23:55.088277,bitcoin,95496.0,0.54415,2.811763937320677,1903098005750.0
2025-09-08T22:23:55.088277,ethereum,3670.58,-0.12896,0.2665397053826859,443388602997.0
2025-09-08T22:23:55.088277,ripple,2.53,3.32392,8.921064018864373,150913913046.0
2025-09-08T22:23:55.088277,solana,182.81,4.18961,9.872550056210171,99086747582.0
2025-09-08T22:23:55.088277,dogecoin,0.2061,7.11471,16.96813406724332,31089578312.0
2025-09-08T22:23:55.088277,cardano,0.736485,3.54206,8.612774863398183,26893933521.0
2025-09-08T22:23:55.088277,litecoin,95.89,-2.08003,4.9111012087474,7312977175.0
2025-09-08T22:23:55.088277,polkadot,3.45,1.11085,11.117009788173288,5255107986.0
2025-09-08T23:23:21.796798,bitcoin,95352.0,0.0808,2.9408069508049044,1899897126378.0
2025-09-08T23:23:21.796798,ethereum,3666.42,-0.7893,0.1966670998396558,442841580578.0
2025-09-08T23:23:21.796798,ripple,2.53,2.43382,7.755451357258177,150644655107.0
2025-09-08T23:23:21.796798,solana,182.53,2.91997,9.12345248231758,99006365021.0
2025-09-08T23:23:21.796798,dogecoin,0.206795,5.80913,17.362753208728535,31215766451.0
2025-09-08T23:23:21.796798,cardano,0.73679,3.36634,9.508847964282207,26903857429.0
2025-09-08T23:23:21.796798,litecoin,95.64,-2.48708,4.640275460090031,7294533072.0
2025-09-08T23:23:21.796798,polkadot,3.44,0.4985,10.144880864181264,5239644345.0
2025-09-09T01:57:04.412374,bitcoin,94612.0,-0.07278,1.4745851020389216,1885897543100.0
2025-09-09T01:57:04.412374,ethereum,3638.81,-0.67756,-1.0069812929555784,439786900624.0
2025-09-09T01:57:04.412374,ripple,2.51,2.12365,6.742239191401412,149657425652.0
2025-09-09T01:57:04.412374,solana,180.94,2.44226,7.526503571374883,98067480435.0
2025-09-09T01:57:04.412374,dogecoin,0.201772,3.82063,12.506508062538026,30441701078.0
2025-09-09T01:57:04.412374,cardano,0.735677,3.46405,7.618350268161059,26848711507.0
2025-09-09T01:57:04.412374,litecoin,95.91,-1.41191,2.897979758157036,7319789066.0
2025-09-09T01:57:04.412374,polkadot,3.45,0.48019,9.531343353264411,5252079355.0
2025-09-09T03:06:34.203994,bitcoin,94594.0,-0.33073,0.4819284347644637,1883487216369.0
2025-09-09T03:06:34.203994,ethereum,3647.82,-0.78007,-1.2440163208464887,440052168834.0
2025-09-09T03:06:34.203994,ripple,2.5,1.20656,4.805926677222186,148767358733.0
2025-09-09T03:06:34.203994,solana,180.0,1.46513,4.579803075703936,97400760656.0
2025-09-09T03:06:34.203994,dogecoin,0.199505,0.22287,10.750074712340766,30063761813.0
2025-09-09T03:06:34.203994,cardano,0.728795,1.27236,5.869366677923983,26607532376.0
2025-09-09T03:06:34.203994,litecoin,95.08,-3.16186,1.5451113743001224,7252954240.0
2025-09-09T03:06:34.203994,polkadot,3.42,-1.17646,6.503861646539044,5207245784.0
2025-09-09T04:29:59.238799,bitcoin,95114.0,0.25644,0.8284484193940213,1894574582381.0
2025-09-09T04:29:59.238799,ethereum,3664.12,-0.28174,-1.8687409261507184,442143932308.0
2025-09-09T04:29:59.238799,ripple,2.51,1.90386,5.04457493458252,149773587815.0
2025-09-09T04:29:59.238799,solana,182.86,3.0332,5.888426521323559,99039851990.0
2025-09-09T04:29:59.238799,dogecoin,0.201165,1.58247,11.030934566026444,30332666329.0
2025-09-09T04:29:59.238799,cardano,0.737016,2.7154,5.79999815531984,26894435240.0
2025-09-09T04:29:59.238799,litecoin,96.02,-1.09611,2.5506988511776307,7318501127.0
2025-09-09T04:29:59.238799,polkadot,3.44,-0.41857,7.230213356080969,5235209228.0
2025-09-09T05:25:06.411348,bitcoin,95028.0,0.3625,0.7569058365661145,1893631825599.0
2025-09-09T05:25:06.411348,ethereum,3656.54,-0.30691,-2.542152195053203,441881439346.0
2025-09-09T05:25:06.411348,ripple,2.51,1.93102,4.831045469932112,149709647814.0
2025-09-09T05:25:06.411348,solana,182.08,2.89262,5.012718613946735,98673534572.0
2025-09-09T05:25:06.411348,dogecoin,0.200517,1.29313,9.75457045341901,30240609563.0
2025-09-09T05:25:06.411348,cardano,0.734506,2.58556,5.265837495912186,26822745837.0
2025-09-09T05:25:06.411348,litecoin,95.5,-1.15203,1.0933872906081703,7286272324.0
2025-09-09T05:25:06.411348,polkadot,3.43,-0.52201,6.115709714395232,5221810994.0
2025-09-09T06:37:25.483780,bitcoin,95876.0,1.11779,1.746972243866866,1908605687247.0
2025-09-09T06:37:25.483780,ethereum,3704.07,0.96825,-1.2753558300311445,446302263684.0
2025-09-09T06:37:25.483780,ripple,2.54,3.34865,5.713299628054506,151559383318.0
2025-09-09T06:37:25.483780,solana,185.83,5.09336,6.909675618125297,100483267133.0
2025-09-09T06:37:25.483780,dogecoin,0.203951,2.87558,11.63405086108608,30717234378.0
2025-09-09T06:37:25.483780,cardano,0.747345,4.3321,6.558341629003288,27259171623.0
2025-09-09T06:37:25.483780,litecoin,96.51,0.52259,2.048351868490099,7361057600.0
2025-09-09T06:37:25.483780,polkadot,3.49,1.81463,7.931535897846858,5298670180.0
2025-09-09T07:24:41.672622,bitcoin,96157.0,1.25684,1.9479609678704355,1916417557917.0
2025-09-09T07:24:41.672622,ethereum,3714.87,1.28662,-1.3097142202668055,448988754589.0
2025-09-09T07:24:41.672622,ripple,2.56,3.89963,6.953854874675655,152739668836.0
2025-09-09T07:24:41.672622,solana,186.31,4.89672,6.860751831658376,100990750912.0
2025-09-09T07:24:41.672622,dogecoin,0.204817,3.41118,11.868055224077365,30927602417.0
2025-09-09T07:24:41.672622,cardano,0.755752,4.9649,7.79049145400432,27581812857.0
2025-09-09T07:24:41.672622,litecoin,96.98,0.82136,2.133922561156891,7394257613.0
2025-09-09T07:24:41.672622,polkadot,3.53,3.35494,9.168763260023834,5382067034.0
2025-09-09T08:34:09.381825,bitcoin,96226.0,1.1023,2.0213741156991496,1916532267701.0
2025-09-09T08:34:09.381825,ethereum,3711.28,1.35882,-1.4053037148884495,447873608544.0
2025-09-09T08:34:09.381825,ripple,2.58,3.9135,7.679130182444001,153538321832.0
2025-09-09T08:34:09.381825,solana,186.4,4.68743,6.913554216102996,101027987897.0
2025-09-09T08:34:09.381825,dogecoin,0.204958,2.81552,11.945033689354926,30884255724.0
2025-09-09T08:34:09.381825,cardano,0.756239,4.85374,7.859836278719634,27595158936.0
2025-09-09T08:34:09.381825,litecoin,97.13,0.83496,2.286175164914099,7406966329.0
2025-09-09T08:34:09.381825,polkadot,3.52,2.8348,8.753631430505148,5353927730.0
2025-09-10T08:13:09.769192,bitcoin,96337.0,0.12342,1.239172123582939,1917312043148.0
2025-09-10T08:13:09.769192,ethereum,3700.23,-0.2644,-0.12520476982251,446382736928.0
2025-09-10T08:13:09.769192,ripple,2.55,-1.07295,5.263093876876371,151821259946.0
2025-09-10T08:13:09.769192,solana,189.82,1.86075,5.9038629723310425,102835664325.0
2025-09-10T08:13:09.769192,dogecoin,0.206895,1.12911,11.48788686719516,31203455490.0
2025-09-10T08:13:09.769192,cardano,0.753079,-0.24643,5.620498203154258,27485701905.0
2025-09-10T08:13:09.769192,litecoin,96.65,-0.66845,0.7764144515682295,7371203709.0
2025-09-10T08:13:09.769192,polkadot,3.52,0.05778,7.526819200214385,5353708331.0
2025-09-11T08:13:21.819757,bitcoin,97650.0,1.33687,2.952992404590624,1944846247694.0
2025-09-11T08:13:21.819757,ethereum,3790.49,2.46714,1.167303630694015,457530975989.0
2025-09-11T08:13:21.819757,ripple,2.57,0.70755,5.85807226261368,153038699471.0
2025-09-11T08:13:21.819757,solana,190.89,0.55109,7.548603939973511,103547300519.0
2025-09-11T08:13:21.819757,dogecoin,0.213495,3.1937,16.04044088917476,32213630789.0
2025-09-11T08:13:21.819757,cardano,0.758603,0.7787,8.041406367236661,27696036257.0
2025-09-11T08:13:21.819757,litecoin,100.04,3.47521,4.657797178864995,7631082752.0
2025-09-11T08:13:21.819757,polkadot,3.61,2.44612,11.000229199169356,5493765550.0
2025-09-12T08:12:40.776087,bitcoin,97996.0,0.35886,1.2984336073517482,1952551897794.0
2025-09-12T08:12:40.776087,ethereum,3859.36,1.76504,3.9455746808408647,465660139986.0
2025-09-12T08:12:40.776087,ripple,2.61,1.6143,8.247618527357975,155556464028.0
2025-09-12T08:12:40.776087,solana,202.13,5.89394,13.497138554970675,109598913828.0
2025-09-12T08:12:40.776087,dogecoin,0.221521,3.7557,20.31419278708249,33437090695.0
2025-09-12T08:12:40.776087,cardano,0.765791,0.96984,7.694181097691587,27957779515.0
2025-09-12T08:12:40.776087,litecoin,98.56,-1.47517,2.82789777567424,7516134997.0
2025-09-12T08:12:40.776087,polkadot,3.6,-0.22056,9.558931852219578,5482017598.0
2025-09-13T08:10:51.109825,bitcoin,98706.0,0.72148,4.395433582347553,1966201576402.0
2025-09-13T08:10:51.109825,ethereum,4022.51,4.41949,9.586197552225975,485403427977.0
2025-09-13T08:10:51.109825,ripple,2.65,1.61413,10.26205514191766,158154260203.0
2025-09-13T08:10:51.109825,solana,206.5,2.18886,19.542622944308555,112037224075.0
2025-09-13T08:10:51.109825,dogecoin,0.241284,8.91058,31.02420767667874,36399718630.0
2025-09-13T08:10:51.109825,cardano,0.790221,3.19423,12.3476454750376,28846797298.0
2025-09-13T08:10:51.109825,litecoin,101.84,3.32743,7.101142471634102,7764720064.0
2025-09-13T08:10:51.109825,polkadot,3.81,5.88787,16.656480890588576,5801391326.0
2025-09-14T08:10:44.616134,bitcoin,98713.0,0.00738,4.454938158159247,1966518116949.0
2025-09-14T08:10:44.616134,ethereum,3965.6,-1.38455,8.141296041495751,478551753425.0
2025-09-14T08:10:44.616134,ripple,2.63,-1.01815,8.685232380861574,156523861349.0
2025-09-14T08:10:44.616134,solana,210.09,1.7086,21.592755340735607,113906015793.0
2025-09-14T08:10:44.616134,dogecoin,0.248071,2.8335,33.76720918760095,37466237778.0
2025-09-14T08:10:44.616134,cardano,0.779572,-1.34758,10.633878491762909,28467547378.0
2025-09-14T08:10:44.616134,litecoin,99.42,-2.37493,2.4178522640738143,7585398504.0
2025-09-14T08:10:44.616134,polkadot,3.76,-1.44775,14.356651260955545,5726592186.0
2025-09-15T08:13:19.105325,bitcoin,98492.0,-0.2339,3.9138316360144825,1962734874496.0
2025-09-15T08:13:19.105325,ethereum,3890.63,-1.94057,6.299169321008151,469949554797.0
2025-09-15T08:13:19.105325,ripple,2.55,-2.90588,3.965055539797072,152410645896.0
2025-09-15T08:13:19.105325,solana,201.98,-3.91381,14.32449074002298,109566009153.0
2025-09-15T08:13:19.105325,dogecoin,0.225445,-9.11309,13.98961351166237,34011143534.0
2025-09-15T08:13:19.105325,cardano,0.738172,-5.33462,2.9950442496415293,26906640926.0
2025-09-15T08:13:19.105325,litecoin,97.26,-2.1212,1.206383011211053,7426882452.0
2025-09-15T08:13:19.105325,polkadot,3.58,-4.7105,4.872548672560018,5452299883.0
2025-09-16T08:13:19.990697,bitcoin,98303.0,-0.20037,2.1774456016310064,1957337976144.0
2025-09-16T08:13:19.990697,ethereum,3838.23,-1.28447,3.4383462895403825,462606119974.0
2025-09-16T08:13:19.990697,ripple,2.55,0.12449,-0.6105457163772875,152393593412.0
2025-09-16T08:13:19.990697,solana,200.54,-0.62148,7.545141660650086,108812721946.0
2025-09-16T08:13:19.990697,dogecoin,0.227945,1.16197,11.537767500719887,34363573076.0
2025-09-16T08:13:19.990697,cardano,0.736641,-0.23235,-2.4693677212242773,26882340053.0
2025-09-16T08:13:19.990697,litecoin,97.4,0.17316,0.7760641342929128,7429356191.0
2025-09-16T08:13:19.990697,polkadot,3.56,-0.60871,1.7516637654143514,5416395260.0
2025-09-17T08:13:01.857290,bitcoin,98901.0,0.61587,3.792658517040523,1970357521590.0
2025-09-17T08:13:01.857290,ethereum,3823.29,-0.38944,3.929850135476836,461798340919.0
2025-09-17T08:13:01.857290,ripple,2.55,0.05927,1.0829166127445575,152638590934.0
2025-09-17T08:13:01.857290,solana,199.73,-0.472,7.071260148371827,108487972100.0
2025-09-17T08:13:01.857290,dogecoin,0.225708,-0.9831,9.956834555131142,34109822052.0
2025-09-17T08:13:01.857290,cardano,0.741214,0.6223,-0.4847701380566466,27129362129.0
2025-09-17T08:13:01.857290,litecoin,97.33,-0.06723,0.9378846762006534,7425621677.0
2025-09-17T08:13:01.857290,polkadot,3.56,-0.09334,1.358335319990771,5418842880.0
2025-09-18T08:12:43.625538,bitcoin,98973.0,0.12344,1.4456778017654544,1971883311444.0
2025-09-18T08:12:43.625538,ethereum,3870.64,1.37693,2.0281664637538723,467116651971.0
2025-09-18T08:12:43.625538,ripple,2.62,2.45046,1.976055801463212,156412771105.0
2025-09-18T08:12:43.625538,solana,206.95,3.73811,8.31312633022565,112337390153.0
2025-09-18T08:12:43.625538,dogecoin,0.236591,4.94027,10.456995566753632,35756050258.0
2025-09-18T08:12:43.625538,cardano,0.769573,3.60688,1.428990006342753,28072102653.0
2025-09-18T08:12:43.625538,litecoin,97.74,0.44843,-2.2278826584204747,7459540864.0
2025-09-18T08:12:43.625538,polkadot,3.79,6.56521,5.010085696513789,5776572368.0
2025-09-19T08:12:49.411967,bitcoin,99526.0,0.58648,1.256114891067298,1982957203633.0
2025-09-19T08:12:49.411967,ethereum,3865.68,-0.08913,-0.0464259556224923,466604972445.0
2025-09-19T08:12:49.411967,ripple,2.59,-1.15214,-0.9787641997829092,154649096975.0
2025-09-19T08:12:49.411967,solana,207.77,0.36968,2.408394908581841,112826479941.0
2025-09-19T08:12:49.411967,dogecoin,0.234864,-0.67584,5.556010119922398,35453323966.0
2025-09-19T08:12:49.411967,cardano,0.771792,0.26417,0.5067435214795847,28167015479.0
2025-09-19T08:12:49.411967,litecoin,100.07,2.38407,1.4923004544086171,7636270112.0
2025-09-19T08:12:49.411967,polkadot,3.93,3.4887,8.282848505472323,5975699794.0
2025-09-20T08:11:06.495826,bitcoin,98660.0,-0.86203,-0.0436102614276816,1967039535912.0
2025-09-20T08:11:06.495826,ethereum,3813.3,-1.35557,-5.0923038582578775,460647028859.0
2025-09-20T08:11:06.495826,ripple,2.56,-0.97313,-3.6064174881458055,153138111844.0
2025-09-20T08:11:06.495826,solana,203.93,-1.83419,-1.3650868347557186,110795302577.0
2025-09-20T08:11:06.495826,dogecoin,0.226793,-3.19789,-6.044298989448585,34258456915.0
2025-09-20T08:11:06.495826,cardano,0.769455,-0.26683,-2.505717461712468,28171815341.0
2025-09-20T08:11:06.495826,litecoin,98.02,-1.95329,-3.2187500092794465,7484125510.0
2025-09-20T08:11:06.495826,polkadot,3.75,-4.38105,-1.4324884033308716,5717692345.0
2025-09-21T08:10:33.480852,bitcoin,98564.0,-0.08609,-0.1096936733124943,1963771211724.0
2025-09-21T08:10:33.480852,ethereum,3811.58,-0.1234,-4.179269364890188,460384897979.0
2025-09-21T08:10:33.480852,ripple,2.55,-0.32284,-3.038054419181881,152659807990.0
2025-09-21T08:10:33.480852,solana,204.19,0.13539,-2.7933128706685344,110933794089.0
2025-09-21T08:10:33.480852,dogecoin,0.228173,0.56097,-7.534640288205884,34479768130.0
2025-09-21T08:10:33.480852,cardano,0.765188,-0.81176,-1.931851821343142,27974587255.0
2025-09-21T08:10:33.480852,litecoin,98.22,0.1497,-1.3393695461490824,7497999174.0
2025-09-21T08:10:33.480852,polkadot,3.72,-1.01442,-1.2367650746590566,5662087177.0
2025-09-22T08:13:31.784405,bitcoin,95887.0,-2.65274,-2.837247698246796,1910755706139.0
2025-09-22T08:13:31.784405,ethereum,3576.4,-6.13897,-8.696814741254133,431862002974.0
2025-09-22T08:13:31.784405,ripple,2.39,-6.14846,-7.116760599520604,142900885208.0
2025-09-22T08:13:31.784405,solana,189.02,-7.34215,-6.813158397734986,102638881567.0
2025-09-22T08:13:31.784405,dogecoin,0.202969,-10.92916,-13.56404990796333,30620423304.0
2025-09-22T08:13:31.784405,cardano,0.694804,-9.14956,-8.302818620877831,25370835712.0
2025-09-22T08:13:31.784405,litecoin,89.7,-8.62863,-8.318554916172365,6842595206.0
2025-09-22T08:13:31.784405,polkadot,3.38,-8.8902,-6.66819825251361,5144163090.0
2025-09-23T08:12:47.911073,bitcoin,95898.0,-0.00409,-2.417777664387791,1910765115107.0
2025-09-23T08:12:47.911073,ethereum,3569.58,-0.22225,-6.651335972232325,430861820384.0
2025-09-23T08:12:47.911073,ripple,2.43,1.78802,-3.902100391418074,145430955933.0
2025-09-23T08:12:47.911073,solana,185.82,-1.6224,-7.096480432286119,100874140309.0
2025-09-23T08:12:47.911073,dogecoin,0.205132,1.18183,-9.314110805298313,30982369616.0
2025-09-23T08:12:47.911073,cardano,0.699293,0.66971,-4.697468535640048,25508280221.0
2025-09-23T08:12:47.911073,litecoin,90.19,0.56105,-7.304360042973916,6885480686.0
2025-09-23T08:12:47.911073,polkadot,3.41,1.06177,-3.4189118073476585,5190015185.0
2025-09-24T08:12:58.822159,bitcoin,95458.0,-0.55936,-3.4834733758910703,1903863236143.0
2025-09-24T08:12:58.822159,ethereum,3543.16,-0.79118,-7.663174400743503,427872790075.0
2025-09-24T08:12:58.822159,ripple,2.44,0.17009,-4.918638789375277,145659207624.0
2025-09-24T08:12:58.822159,solana,179.02,-3.70784,-10.81127637775679,97212144852.0
2025-09-24T08:12:58.822159,dogecoin,0.203235,-0.92612,-10.47512043213128,30714130724.0
2025-09-24T08:12:58.822159,cardano,0.691337,-1.14478,-7.2396128273910385,25251964728.0
2025-09-24T08:12:58.822159,litecoin,90.77,0.63914,-6.773071166873013,6928656546.0
2025-09-24T08:12:58.822159,polkadot,3.42,0.2521,-4.2098935939165605,5211354871.0
2025-09-25T08:12:50.045766,bitcoin,95308.0,-0.16465,-3.991198648578944,1899476353528.0
2025-09-25T08:12:50.045766,ethereum,3430.83,-3.17778,-11.546139391180974,413839658551.0
2025-09-25T08:12:50.045766,ripple,2.43,-0.42172,-7.169919795438642,145047333259.0
2025-09-25T08:12:50.045766,solana,174.7,-2.40822,-15.535822313842305,94883842571.0
2025-09-25T08:12:50.045766,dogecoin,0.199479,-1.86217,-15.644483828804118,30115578892.0
2025-09-25T08:12:50.045766,cardano,0.674965,-2.44535,-11.99878207499934,24646252347.0
2025-09-25T08:12:50.045766,litecoin,88.8,-2.17151,-9.06307408803473,6773869400.0
2025-09-25T08:12:50.045766,polkadot,3.34,-2.42372,-11.71229859191676,5083018189.0
2025-09-26T08:13:20.903962,bitcoin,93786.0,-1.59644,-5.516428274580516,1868347230620.0
2025-09-26T08:13:20.903962,ethereum,3374.96,-1.5927,-12.288621405310344,407383587958.0
2025-09-26T08:13:20.903962,ripple,2.37,-2.43922,-8.035110827641349,141398073859.0
2025-09-26T08:13:20.903962,solana,168.43,-3.52725,-18.737946421371333,91575044369.0
2025-09-26T08:13:20.903962,dogecoin,0.194984,-2.39143,-16.376957850946994,29449494053.0
2025-09-26T08:13:20.903962,cardano,0.664755,-1.54763,-13.594345003003864,24261277882.0
2025-09-26T08:13:20.903962,litecoin,88.38,-0.46915,-11.066001888261468,6746965869.0
2025-09-26T08:13:20.903962,polkadot,3.29,-1.37603,-15.91544164074473,5012023122.0
2025-09-27T08:10:42.446301,bitcoin,93407.0,-0.34747,-5.219910984342374,1862340063048.0
2025-09-27T08:10:42.446301,ethereum,3411.26,1.12134,-10.469314390627304,412718579489.0
2025-09-27T08:10:42.446301,ripple,2.37,0.19947,-7.328012016041948,142132846466.0
2025-09-27T08:10:42.446301,solana,172.29,2.42052,-15.436347948058,93727330167.0
2025-09-27T08:10:42.446301,dogecoin,0.196844,0.94228,-13.252703755747616,29797525054.0
2025-09-27T08:10:42.446301,cardano,0.668337,0.53352,-13.007885118720688,24462487112.0
2025-09-27T08:10:42.446301,litecoin,88.56,0.18498,-9.214285862233355,6764532412.0
2025-09-27T08:10:42.446301,polkadot,3.31,0.69352,-11.477298177759897,5044241295.0
2025-09-28T08:10:48.468769,bitcoin,93600.0,0.20725,-4.996124131982927,1865784751252.0
2025-09-28T08:10:48.468769,ethereum,3429.39,0.54128,-10.204386168135407,413888723012.0
2025-09-28T08:10:48.468769,ripple,2.38,0.48312,-6.714672873800591,142542361224.0
2025-09-28T08:10:48.468769,solana,172.73,0.24151,-15.61639691061443,93878736412.0
2025-09-28T08:10:48.468769,dogecoin,0.195559,-0.65718,-14.375956083511635,29571486779.0
2025-09-28T08:10:48.468769,cardano,0.659401,-1.27781,-13.937752259170075,24114307176.0
2025-09-28T08:10:48.468769,litecoin,88.97,0.46156,-9.099734628774485,6790991691.0
2025-09-28T08:10:48.468769,polkadot,3.27,-1.12851,-12.12248183635474,4982489593.0
2025-09-29T08:14:18.502345,bitcoin,95534.0,2.06995,-0.5531936778751481,1904322026248.0
2025-09-29T08:14:18.502345,ethereum,3505.91,2.2414,-1.8380470464550835,423175161314.0
2025-09-29T08:14:18.502345,ripple,2.46,3.25705,2.5190097414406973,147371988402.0
2025-09-29T08:14:18.502345,solana,178.25,3.20765,-6.647742647185166,96931579263.0
2025-09-29T08:14:18.502345,dogecoin,0.198223,1.48441,-2.1404529320174683,29965470508.0
2025-09-29T08:14:18.502345,cardano,0.681467,3.36774,-2.690169309010248,24885807179.0
2025-09-29T08:14:18.502345,litecoin,90.37,1.57291,-0.7190602050179603,6900523471.0
2025-09-29T08:14:18.502345,polkadot,3.36,2.63824,-1.5325423175653237,5114651934.0
2025-09-30T08:13:55.728502,bitcoin,96773.0,1.31122,0.9956881205740412,1929059233745.0
2025-09-30T08:13:55.728502,ethereum,3555.82,1.45341,-0.2678330696552036,429319400818.0
2025-09-30T08:13:55.728502,ripple,2.45,-0.63469,0.4311768112223212,146346441090.0
2025-09-30T08:13:55.728502,solana,177.67,-0.24071,-4.342991073842336,96588827355.0
2025-09-30T08:13:55.728502,dogecoin,0.197489,-0.31923,-3.760753725216847,29847499236.0
2025-09-30T08:13:55.728502,cardano,0.675715,-0.7262,-3.534283581733355,24687417356.0
2025-09-30T08:13:55.728502,litecoin,90.05,-0.38437,-0.1532346920649934,6875557235.0
2025-09-30T08:13:55.728502,polkadot,3.32,-1.17075,-2.727851465149618,5057502213.0
2025-10-01T08:13:06.071336,bitcoin,97386.0,0.59458,1.98728827304106,1941498970954.0
2025-10-01T08:13:06.071336,ethereum,3529.61,-0.77216,-0.4849921463556053,425920398154.0
2025-10-01T08:13:06.071336,ripple,2.43,-0.81272,0.1456340902837501,145133580138.0
2025-10-01T08:13:06.071336,solana,178.53,0.47117,-0.1206000839245025,97060336012.0
2025-10-01T08:13:06.071336,dogecoin,0.198666,0.57112,-2.05451866891141,30029142373.0
2025-10-01T08:13:06.071336,cardano,0.684972,1.35296,-1.0961408987445125,25022393876.0
2025-10-01T08:13:06.071336,litecoin,90.18,0.14339,-0.6749580757839625,6890173570.0
2025-10-01T08:13:06.071336,polkadot,3.33,0.40729,-2.6561175011122296,5076142306.0
2025-10-02T08:12:34.974597,bitcoin,100843.0,3.43759,6.196249042218075,2009210047822.0
2025-10-02T08:12:34.974597,ethereum,3726.38,5.47443,9.04614949780133,449743120366.0
2025-10-02T08:12:34.974597,ripple,2.53,4.20237,4.371433222380067,151355833253.0
2025-10-02T08:12:34.974597,solana,190.02,6.32808,9.546879485588294,103152297525.0
2025-10-02T08:12:34.974597,dogecoin,0.218115,9.67339,9.795794800813956,32923040790.0
2025-10-02T08:12:34.974597,cardano,0.728223,6.36151,8.265785833228477,26570143288.0
2025-10-02T08:12:34.974597,litecoin,101.45,12.4916,14.684390722635303,7759384082.0
2025-10-02T08:12:34.974597,polkadot,3.57,7.18593,7.275063959255933,5437811085.0
2025-10-03T08:12:10.991552,bitcoin,101956.0,1.12421,8.804066445077305,2033811768335.0
2025-10-03T08:12:10.991552,ethereum,3791.71,1.75328,12.311634661737484,458669961111.0
2025-10-03T08:12:10.991552,ripple,2.59,2.31318,9.693061205134503,154970857170.0
2025-10-03T08:12:10.991552,solana,195.55,2.91042,16.43532592378241,106715245268.0
2025-10-03T08:12:10.991552,dogecoin,0.217632,-0.2185,12.138440299486398,32927583248.0
2025-10-03T08:12:10.991552,cardano,0.730326,0.35875,10.132669645987084,26666236154.0
2025-10-03T08:12:10.991552,litecoin,99.07,-2.3606,12.251629965006805,7573908373.0
2025-10-03T08:12:10.991552,polkadot,3.58,0.11636,9.405105188743274,5449118890.0
2025-10-04T08:10:45.142571,bitcoin,104350.0,2.35333,11.438173257222315,2078982477929.0
2025-10-04T08:10:45.142571,ethereum,3833.42,1.10934,11.580124424669568,462669641753.0
2025-10-04T08:10:45.142571,ripple,2.57,-0.58344,7.609529492407985,154008279680.0
2025-10-04T08:10:45.142571,solana,195.32,-0.10289,12.758726807340077,106521475495.0
2025-10-04T08:10:45.142571,dogecoin,0.216291,-0.62005,9.23174872421218,32709338300.0
2025-10-04T08:10:45.142571,cardano,0.726561,-0.52775,7.561620492724315,26548948462.0
2025-10-04T08:10:45.142571,litecoin,101.05,1.86881,13.86368043179682,7716672766.0
2025-10-04T08:10:45.142571,polkadot,3.64,1.77726,9.705672146010844,5549807751.0
2025-10-05T08:10:27.029787,bitcoin,106295.0,1.86168,13.660671227055817,2116046175566.0
2025-10-05T08:10:27.029787,ethereum,3923.76,2.34502,14.385211897666489,473969963048.0
2025-10-05T08:10:27.029787,ripple,2.61,1.52698,9.591801977702122,156323137525.0
2025-10-05T08:10:27.029787,solana,201.64,3.22868,17.036314258850165,109975502034.0
2025-10-05T08:10:27.029787,dogecoin,0.224968,4.0081,15.252087047140108,34027249097.0
2025-10-05T08:10:27.029787,cardano,0.749944,3.21871,13.750670882122115,27372774264.0
2025-10-05T08:10:27.029787,litecoin,104.24,3.13966,17.399140414790335,7958891738.0
2025-10-05T08:10:27.029787,polkadot,3.71,1.92952,13.676806694181405,5651833214.0
2025-10-06T08:13:23.744258,bitcoin,106086.0,-0.12297,11.175681560384723,2113839755193.0
2025-10-06T08:13:23.744258,ethereum,3904.2,-0.49212,11.391556705873205,471210835834.0
2025-10-06T08:13:23.744258,ripple,2.56,-2.09366,4.499263683727733,153100921355.0
2025-10-06T08:13:23.744258,solana,199.61,-0.89169,12.035578615216378,108671266834.0
2025-10-06T08:13:23.744258,dogecoin,0.219755,-2.30464,10.93980248022288,33201347838.0
2025-10-06T08:13:23.744258,cardano,0.72655,-3.06075,6.992235043497723,26496693833.0
2025-10-06T08:13:23.744258,litecoin,102.9,-1.28769,13.881174461097068,7858396761.0
2025-10-06T08:13:23.744258,polkadot,3.59,-3.16713,6.672791487994751,5453428283.0
